<?xml version="1.0" encoding="UTF-8"?>
<project-private xmlns="http://www.netbeans.org/ns/project-private/1">
    <editor-bookmarks xmlns="http://www.netbeans.org/ns/editor-bookmarks/2" lastBookmarkId="0"/>
    <open-files xmlns="http://www.netbeans.org/ns/projectui-open-files/1">
        <file>file:/E:/MIST/L-4%20T-1/CSE-404%20Artificial%20Intelligence%20sessional/week-4/cse404_SecA_task3_%20201514046/minimax_tictactoe/src/Game.java</file>
        <file>file:/E:/MIST/L-4%20T-1/CSE-404%20Artificial%20Intelligence%20sessional/week-4/cse404_SecA_task3_%20201514046/minimax_tictactoe/src/MinimaxTTTAgent.java</file>
        <file>file:/E:/MIST/L-4%20T-1/CSE-404%20Artificial%20Intelligence%20sessional/week-4/cse404_SecA_task3_%20201514046/minimax_tictactoe/src/HumanTTTAgent.java</file>
        <file>file:/E:/MIST/L-4%20T-1/CSE-404%20Artificial%20Intelligence%20sessional/week-4/cse404_SecA_task3_%20201514046/minimax_tictactoe/src/TickTackToe.java</file>
    </open-files>
    <open-files xmlns="http://www.netbeans.org/ns/projectui-open-files/2">
        <group>
            <file>file:/C:/Users/AI&amp;SE%20LAB/Desktop/minimax_tictactoe/src/Solver.java</file>
            <file>file:/C:/Users/AI&amp;SE%20LAB/Desktop/minimax_tictactoe/src/TickTackToe.java</file>
            <file>file:/C:/Users/AI&amp;SE%20LAB/Desktop/minimax_tictactoe/src/Agent.java</file>
            <file>file:/C:/Users/AI&amp;SE%20LAB/Desktop/minimax_tictactoe/src/HumanTTTAgent.java</file>
            <file>file:/C:/Users/AI&amp;SE%20LAB/Desktop/minimax_tictactoe/src/MinimaxTTTAgent.java</file>
            <file>file:/C:/Users/AI&amp;SE%20LAB/Desktop/minimax_tictactoe/src/Game.java</file>
        </group>
    </open-files>
</project-private>
